{"initial_reset_timestamp": 1587640361.2434418, "timestamps": [1587640363.6048682, 1587640365.902536, 1587640366.601106, 1587640367.13253, 1587640367.716195, 1587640368.2300658, 1587640368.8633442, 1587640369.4291909, 1587640370.354958, 1587640371.063914], "episode_lengths": [33, 19, 19, 19, 19, 19, 19, 19, 19, 19], "episode_rewards": [-5.0, -5.0, -5.0, -5.0, -5.0, -5.0, -5.0, -5.0, -5.0, -5.0], "episode_types": ["t", "t", "t", "t", "t", "t", "t", "t", "t", "t"]}